date,matricule,action,statut,message
2026-04-27 14:55:15,EMP01191,UPDATE_ACCOUNT,success,Compte mis a jour avec succes
2026-04-27 10:08:36,EMP01245,CREATE_ACCOUNT,success,Compte AD/LDAP cree avec succes
2026-04-26 15:31:14,EMP01013,UPDATE_ACCOUNT,success,Compte mis a jour avec succes
2026-04-26 13:52:59,EMP01069,UPDATE_ACCOUNT,error,Violation contrainte unicite
2026-04-26 13:24:28,EMP01210,UPDATE_ACCOUNT,success,Compte mis a jour avec succes
2026-04-26 12:29:35,EMP01157,UPDATE_ACCOUNT,error,Timeout AD: délai dépassé
2026-04-26 11:07:32,EMP01248,CREATE_ACCOUNT,success,Compte AD/LDAP cree avec succes
2026-04-26 11:07:25,EMP01001,UPDATE_ACCOUNT,success,Compte mis a jour avec succes
2026-04-26 07:34:30,EMP01045,UPDATE_ACCOUNT,success,Compte mis a jour avec succes
2026-04-26 02:16:37,EMP01044,UPDATE_ACCOUNT,success,Compte mis a jour avec succes
2026-04-25 23:43:27,EMP01208,UPDATE_ACCOUNT,success,Compte mis a jour avec succes
2026-04-25 20:47:22,EMP01248,CREATE_ACCOUNT,success,Compte AD/LDAP cree avec succes
2026-04-25 20:38:54,EMP01176,UPDATE_ACCOUNT,success,Compte mis a jour avec succes
2026-04-25 19:13:19,EMP01245,CREATE_ACCOUNT,success,Compte AD/LDAP cree avec succes
2026-04-25 16:42:42,EMP01202,UPDATE_ACCOUNT,success,Compte mis a jour avec succes
2026-04-25 15:09:57,EMP01133,UPDATE_ACCOUNT,success,Compte mis a jour avec succes
2026-04-25 10:12:12,EMP01255,CREATE_ACCOUNT,success,Compte AD/LDAP cree avec succes
2026-04-25 05:10:46,EMP01090,UPDATE_ACCOUNT,success,Compte mis a jour avec succes
2026-04-24 22:59:32,EMP01262,CREATE_ACCOUNT,success,Compte AD/LDAP cree avec succes
2026-04-24 20:41:59,EMP01262,CREATE_ACCOUNT,success,Compte AD/LDAP cree avec succes
2026-04-23 23:32:37,EMP01108,UPDATE_ACCOUNT,success,Compte mis a jour avec succes
2026-04-23 23:27:01,EMP01166,UPDATE_ACCOUNT,success,Compte mis a jour avec succes
2026-04-23 22:29:03,EMP01215,UPDATE_ACCOUNT,success,Compte mis a jour avec succes
2026-04-23 18:48:03,EMP01176,UPDATE_ACCOUNT,success,Compte mis a jour avec succes
2026-04-23 17:20:10,EMP01134,UPDATE_ACCOUNT,success,Compte mis a jour avec succes
2026-04-23 14:05:36,EMP01023,UPDATE_ACCOUNT,success,Compte mis a jour avec succes
2026-04-23 12:39:47,EMP01037,UPDATE_ACCOUNT,error,Violation contrainte unicite
2026-04-23 11:27:06,EMP01037,UPDATE_ACCOUNT,success,Compte mis a jour avec succes
2026-04-23 11:23:17,EMP01214,UPDATE_ACCOUNT,success,Compte mis a jour avec succes
2026-04-23 08:06:51,EMP01007,UPDATE_ACCOUNT,success,Compte mis a jour avec succes
2026-04-23 05:38:20,EMP01046,UPDATE_ACCOUNT,success,Compte mis a jour avec succes
2026-04-23 01:33:58,EMP01246,CREATE_ACCOUNT,success,Compte AD/LDAP cree avec succes
2026-04-22 23:27:00,EMP01045,UPDATE_ACCOUNT,success,Compte mis a jour avec succes
2026-04-22 05:06:58,EMP01250,CREATE_ACCOUNT,success,Compte AD/LDAP cree avec succes
2026-04-22 00:04:22,EMP01213,UPDATE_ACCOUNT,success,Compte mis a jour avec succes
2026-04-21 23:50:09,EMP01166,UPDATE_ACCOUNT,success,Compte mis a jour avec succes
2026-04-21 21:31:32,EMP01113,UPDATE_ACCOUNT,error,Timeout AD: délai dépassé
2026-04-21 14:56:59,EMP01108,UPDATE_ACCOUNT,success,Compte mis a jour avec succes
2026-04-21 14:33:32,EMP01105,UPDATE_ACCOUNT,success,Compte mis a jour avec succes
2026-04-21 13:20:40,EMP01133,UPDATE_ACCOUNT,error,Echec authentification service account
2026-04-21 06:02:15,EMP01237,UPDATE_ACCOUNT,success,Compte mis a jour avec succes
2026-04-21 03:18:34,EMP01134,UPDATE_ACCOUNT,success,Compte mis a jour avec succes
2026-04-20 23:08:49,EMP01263,CREATE_ACCOUNT,success,Compte AD/LDAP cree avec succes
2026-04-20 20:30:43,EMP01023,UPDATE_ACCOUNT,success,Compte mis a jour avec succes
2026-04-20 20:15:23,EMP01212,UPDATE_ACCOUNT,success,Compte mis a jour avec succes
2026-04-20 18:23:33,EMP01223,UPDATE_ACCOUNT,success,Compte mis a jour avec succes
2026-04-20 09:42:15,EMP01090,UPDATE_ACCOUNT,success,Compte mis a jour avec succes
2026-04-20 08:02:54,EMP01244,CREATE_ACCOUNT,success,Compte AD/LDAP cree avec succes
2026-04-20 04:49:10,EMP01247,CREATE_ACCOUNT,success,Compte AD/LDAP cree avec succes
2026-04-19 19:45:52,EMP01241,CREATE_ACCOUNT,success,Compte AD/LDAP cree avec succes
2026-04-19 17:37:00,EMP01224,UPDATE_ACCOUNT,success,Compte mis a jour avec succes
2026-04-19 13:08:33,EMP01166,UPDATE_ACCOUNT,success,Compte mis a jour avec succes
2026-04-19 12:34:32,EMP01037,UPDATE_ACCOUNT,error,Echec authentification service account
2026-04-19 09:09:06,EMP01113,UPDATE_ACCOUNT,success,Compte mis a jour avec succes
2026-04-19 07:54:56,EMP01231,UPDATE_ACCOUNT,success,Compte mis a jour avec succes
2026-04-19 00:44:20,EMP01208,UPDATE_ACCOUNT,success,Compte mis a jour avec succes
2026-04-18 23:56:58,EMP01150,UPDATE_ACCOUNT,success,Compte mis a jour avec succes
2026-04-18 16:43:43,EMP01040,UPDATE_ACCOUNT,success,Compte mis a jour avec succes
2026-04-18 12:26:47,EMP01247,CREATE_ACCOUNT,success,Compte AD/LDAP cree avec succes
2026-04-17 18:46:50,EMP01017,UPDATE_ACCOUNT,success,Compte mis a jour avec succes
2026-04-17 09:56:26,EMP01256,CREATE_ACCOUNT,success,Compte AD/LDAP cree avec succes
2026-04-17 06:02:08,EMP01193,UPDATE_ACCOUNT,success,Compte mis a jour avec succes
2026-04-16 21:04:40,EMP01251,CREATE_ACCOUNT,success,Compte AD/LDAP cree avec succes
2026-04-16 16:36:29,EMP01129,UPDATE_ACCOUNT,success,Compte mis a jour avec succes
2026-04-16 16:07:36,EMP01028,UPDATE_ACCOUNT,success,Compte mis a jour avec succes
2026-04-15 20:48:11,EMP01241,CREATE_ACCOUNT,success,Compte AD/LDAP cree avec succes
2026-04-15 17:13:58,EMP01256,CREATE_ACCOUNT,success,Compte AD/LDAP cree avec succes
2026-04-15 16:39:29,EMP01208,UPDATE_ACCOUNT,success,Compte mis a jour avec succes
2026-04-15 16:28:16,EMP01004,UPDATE_ACCOUNT,success,Compte mis a jour avec succes
2026-04-15 11:36:21,EMP01261,CREATE_ACCOUNT,success,Compte AD/LDAP cree avec succes
2026-04-15 11:34:58,EMP01262,CREATE_ACCOUNT,success,Compte AD/LDAP cree avec succes
2026-04-15 09:58:38,EMP01224,UPDATE_ACCOUNT,error,Attribut obligatoire manquant
2026-04-15 09:44:28,EMP01260,CREATE_ACCOUNT,success,Compte AD/LDAP cree avec succes
2026-04-15 04:13:52,EMP01150,UPDATE_ACCOUNT,success,Compte mis a jour avec succes
2026-04-14 19:12:28,EMP01049,UPDATE_ACCOUNT,success,Compte mis a jour avec succes
2026-04-14 11:42:14,EMP01021,UPDATE_ACCOUNT,success,Compte mis a jour avec succes
2026-04-14 09:06:30,EMP01007,UPDATE_ACCOUNT,success,Compte mis a jour avec succes
2026-04-14 05:51:48,EMP01137,UPDATE_ACCOUNT,success,Compte mis a jour avec succes
2026-04-14 03:07:56,EMP01172,UPDATE_ACCOUNT,success,Compte mis a jour avec succes
2026-04-14 00:46:27,EMP01259,CREATE_ACCOUNT,success,Compte AD/LDAP cree avec succes
2026-04-14 00:33:06,EMP01206,UPDATE_ACCOUNT,success,Compte mis a jour avec succes
2026-04-13 21:31:31,EMP01257,CREATE_ACCOUNT,success,Compte AD/LDAP cree avec succes
2026-04-13 21:13:57,EMP01101,UPDATE_ACCOUNT,success,Compte mis a jour avec succes
2026-04-13 17:56:32,EMP01133,UPDATE_ACCOUNT,success,Compte mis a jour avec succes
2026-04-13 13:06:43,EMP01233,UPDATE_ACCOUNT,success,Compte mis a jour avec succes
2026-04-13 10:27:17,EMP01101,UPDATE_ACCOUNT,success,Compte mis a jour avec succes
2026-04-13 08:20:27,EMP01202,UPDATE_ACCOUNT,success,Compte mis a jour avec succes
2026-04-12 12:49:19,EMP01254,CREATE_ACCOUNT,success,Compte AD/LDAP cree avec succes
2026-04-12 10:28:55,EMP01137,UPDATE_ACCOUNT,success,Compte mis a jour avec succes
2026-04-11 19:29:16,EMP01145,UPDATE_ACCOUNT,success,Compte mis a jour avec succes
2026-04-11 03:40:18,EMP01091,UPDATE_ACCOUNT,success,Compte mis a jour avec succes
2026-04-10 23:15:09,EMP01040,UPDATE_ACCOUNT,success,Compte mis a jour avec succes
2026-04-10 21:20:27,EMP01212,UPDATE_ACCOUNT,success,Compte mis a jour avec succes
2026-04-10 19:59:20,EMP01258,CREATE_ACCOUNT,success,Compte AD/LDAP cree avec succes
2026-04-10 19:52:42,EMP01242,CREATE_ACCOUNT,success,Compte AD/LDAP cree avec succes
2026-04-10 17:09:22,EMP01264,CREATE_ACCOUNT,success,Compte AD/LDAP cree avec succes
2026-04-10 16:50:29,EMP01040,UPDATE_ACCOUNT,success,Compte mis a jour avec succes
2026-04-10 14:01:06,EMP01103,UPDATE_ACCOUNT,success,Compte mis a jour avec succes
2026-04-10 13:42:17,EMP01021,UPDATE_ACCOUNT,error,Quota de provisioning depasse
2026-04-10 10:02:34,EMP01004,UPDATE_ACCOUNT,success,Compte mis a jour avec succes
2026-04-09 23:08:30,EMP01068,UPDATE_ACCOUNT,success,Compte mis a jour avec succes
2026-04-09 22:32:33,EMP01224,UPDATE_ACCOUNT,success,Compte mis a jour avec succes
2026-04-09 17:02:04,EMP01247,CREATE_ACCOUNT,success,Compte AD/LDAP cree avec succes
2026-04-09 11:22:31,EMP01045,UPDATE_ACCOUNT,success,Compte mis a jour avec succes
2026-04-09 09:52:40,EMP01252,CREATE_ACCOUNT,success,Compte AD/LDAP cree avec succes
2026-04-09 08:11:22,EMP01253,CREATE_ACCOUNT,success,Compte AD/LDAP cree avec succes
2026-04-09 07:41:20,EMP01263,CREATE_ACCOUNT,success,Compte AD/LDAP cree avec succes
2026-04-09 06:53:25,EMP01017,UPDATE_ACCOUNT,success,Compte mis a jour avec succes
2026-04-08 21:17:03,EMP01245,CREATE_ACCOUNT,success,Compte AD/LDAP cree avec succes
2026-04-08 16:18:54,EMP01264,CREATE_ACCOUNT,success,Compte AD/LDAP cree avec succes
2026-04-08 10:45:08,EMP01236,UPDATE_ACCOUNT,success,Compte mis a jour avec succes
2026-04-08 09:48:34,EMP01244,CREATE_ACCOUNT,success,Compte AD/LDAP cree avec succes
2026-04-08 08:06:01,EMP01108,UPDATE_ACCOUNT,success,Compte mis a jour avec succes
2026-04-08 07:39:27,EMP01252,CREATE_ACCOUNT,success,Compte AD/LDAP cree avec succes
2026-04-08 05:50:08,EMP01247,CREATE_ACCOUNT,success,Compte AD/LDAP cree avec succes
2026-04-08 02:05:41,EMP01202,UPDATE_ACCOUNT,success,Compte mis a jour avec succes
2026-04-08 00:17:04,EMP01173,UPDATE_ACCOUNT,success,Compte mis a jour avec succes
2026-04-07 20:07:33,EMP01216,UPDATE_ACCOUNT,success,Compte mis a jour avec succes
2026-04-07 17:51:20,EMP01212,UPDATE_ACCOUNT,success,Compte mis a jour avec succes
2026-04-07 16:10:08,EMP01262,CREATE_ACCOUNT,success,Compte AD/LDAP cree avec succes
2026-04-07 13:45:20,EMP01193,UPDATE_ACCOUNT,error,Echec authentification service account
2026-04-07 11:27:29,EMP01105,UPDATE_ACCOUNT,success,Compte mis a jour avec succes
2026-04-07 10:37:37,EMP01236,UPDATE_ACCOUNT,success,Compte mis a jour avec succes
2026-04-07 03:52:06,EMP01242,CREATE_ACCOUNT,success,Compte AD/LDAP cree avec succes
2026-04-07 03:21:38,EMP01216,UPDATE_ACCOUNT,success,Compte mis a jour avec succes
2026-04-07 02:37:51,EMP01157,UPDATE_ACCOUNT,success,Compte mis a jour avec succes
2026-04-07 01:14:40,EMP01214,UPDATE_ACCOUNT,success,Compte mis a jour avec succes
2026-04-07 00:11:47,EMP01149,UPDATE_ACCOUNT,success,Compte mis a jour avec succes
2026-04-06 16:55:57,EMP01090,UPDATE_ACCOUNT,success,Compte mis a jour avec succes
2026-04-06 16:20:37,EMP01090,UPDATE_ACCOUNT,success,Compte mis a jour avec succes
2026-04-06 11:16:47,EMP01045,UPDATE_ACCOUNT,success,Compte mis a jour avec succes
2026-04-06 10:41:34,EMP01210,UPDATE_ACCOUNT,error,Erreur LDAP: connexion refusée
2026-04-06 05:01:33,EMP01213,UPDATE_ACCOUNT,success,Compte mis a jour avec succes
2026-04-06 01:07:32,EMP01244,CREATE_ACCOUNT,success,Compte AD/LDAP cree avec succes
2026-04-06 00:31:45,EMP01182,UPDATE_ACCOUNT,success,Compte mis a jour avec succes
2026-04-05 20:33:38,EMP01021,UPDATE_ACCOUNT,success,Compte mis a jour avec succes
2026-04-04 18:46:24,EMP01028,UPDATE_ACCOUNT,success,Compte mis a jour avec succes
2026-04-04 18:31:49,EMP01238,UPDATE_ACCOUNT,success,Compte mis a jour avec succes
2026-04-04 14:37:35,EMP01176,UPDATE_ACCOUNT,error,Echec authentification service account
2026-04-04 14:12:52,EMP01207,UPDATE_ACCOUNT,success,Compte mis a jour avec succes
2026-04-04 11:10:12,EMP01256,CREATE_ACCOUNT,success,Compte AD/LDAP cree avec succes
2026-04-04 01:44:56,EMP01180,UPDATE_ACCOUNT,success,Compte mis a jour avec succes
2026-04-04 01:00:52,EMP01084,UPDATE_ACCOUNT,success,Compte mis a jour avec succes
2026-04-03 15:33:26,EMP01070,UPDATE_ACCOUNT,success,Compte mis a jour avec succes
2026-04-03 13:26:42,EMP01070,UPDATE_ACCOUNT,success,Compte mis a jour avec succes
2026-04-03 08:53:14,EMP01227,UPDATE_ACCOUNT,success,Compte mis a jour avec succes
2026-04-03 01:58:32,EMP01233,UPDATE_ACCOUNT,success,Compte mis a jour avec succes
2026-04-02 22:03:19,EMP01150,UPDATE_ACCOUNT,success,Compte mis a jour avec succes
2026-04-02 21:32:47,EMP01190,UPDATE_ACCOUNT,success,Compte mis a jour avec succes
2026-04-02 21:27:05,EMP01108,UPDATE_ACCOUNT,success,Compte mis a jour avec succes
2026-04-02 17:59:59,EMP01113,UPDATE_ACCOUNT,success,Compte mis a jour avec succes
2026-04-02 14:07:57,EMP01208,UPDATE_ACCOUNT,error,Quota de provisioning depasse
2026-04-02 11:54:52,EMP01233,UPDATE_ACCOUNT,success,Compte mis a jour avec succes
2026-04-02 11:50:20,EMP01252,CREATE_ACCOUNT,success,Compte AD/LDAP cree avec succes
2026-04-02 03:22:09,EMP01253,CREATE_ACCOUNT,success,Compte AD/LDAP cree avec succes
2026-04-02 03:17:46,EMP01137,UPDATE_ACCOUNT,success,Compte mis a jour avec succes
2026-04-02 00:12:49,EMP01213,UPDATE_ACCOUNT,success,Compte mis a jour avec succes
2026-04-01 15:59:08,EMP01259,CREATE_ACCOUNT,success,Compte AD/LDAP cree avec succes
2026-04-01 15:42:37,EMP01210,UPDATE_ACCOUNT,success,Compte mis a jour avec succes
2026-04-01 07:52:28,EMP01101,UPDATE_ACCOUNT,success,Compte mis a jour avec succes
2026-04-01 05:35:12,EMP01176,UPDATE_ACCOUNT,success,Compte mis a jour avec succes
2026-04-01 03:41:52,EMP01113,UPDATE_ACCOUNT,error,Erreur synchronisation AD-LDAP
2026-04-01 03:20:01,EMP01134,UPDATE_ACCOUNT,success,Compte mis a jour avec succes
2026-03-31 18:20:53,EMP01101,UPDATE_ACCOUNT,success,Compte mis a jour avec succes
2026-03-31 15:09:39,EMP01243,CREATE_ACCOUNT,success,Compte AD/LDAP cree avec succes
2026-03-31 06:51:20,EMP01021,UPDATE_ACCOUNT,success,Compte mis a jour avec succes
2026-03-31 06:46:40,EMP01225,UPDATE_ACCOUNT,success,Compte mis a jour avec succes
2026-03-31 03:52:01,EMP01180,UPDATE_ACCOUNT,error,Attribut obligatoire manquant
2026-03-30 23:01:28,EMP01178,UPDATE_ACCOUNT,success,Compte mis a jour avec succes
2026-03-30 21:11:11,EMP01249,CREATE_ACCOUNT,success,Compte AD/LDAP cree avec succes
2026-03-30 19:53:41,EMP01224,UPDATE_ACCOUNT,success,Compte mis a jour avec succes
2026-03-30 17:27:02,EMP01037,UPDATE_ACCOUNT,success,Compte mis a jour avec succes
2026-03-30 15:29:08,EMP01149,UPDATE_ACCOUNT,success,Compte mis a jour avec succes
2026-03-30 13:29:36,EMP01213,UPDATE_ACCOUNT,success,Compte mis a jour avec succes
2026-03-30 07:03:16,EMP01243,CREATE_ACCOUNT,success,Compte AD/LDAP cree avec succes
2026-03-30 03:31:30,EMP01227,UPDATE_ACCOUNT,success,Compte mis a jour avec succes
2026-03-29 22:06:19,EMP01255,CREATE_ACCOUNT,success,Compte AD/LDAP cree avec succes
2026-03-29 21:16:28,EMP01068,UPDATE_ACCOUNT,success,Compte mis a jour avec succes
2026-03-29 12:47:25,EMP01166,UPDATE_ACCOUNT,success,Compte mis a jour avec succes
2026-03-29 11:52:20,EMP01210,UPDATE_ACCOUNT,success,Compte mis a jour avec succes
2026-03-29 08:08:07,EMP01252,CREATE_ACCOUNT,error,Violation contrainte unicite
2026-03-29 07:35:51,EMP01046,UPDATE_ACCOUNT,success,Compte mis a jour avec succes
2026-03-29 03:32:13,EMP01046,UPDATE_ACCOUNT,success,Compte mis a jour avec succes
2026-03-28 23:34:38,EMP01249,CREATE_ACCOUNT,success,Compte AD/LDAP cree avec succes
2026-03-28 22:59:10,EMP01214,UPDATE_ACCOUNT,success,Compte mis a jour avec succes
2026-03-28 21:30:54,EMP01134,UPDATE_ACCOUNT,success,Compte mis a jour avec succes
2026-03-28 19:15:01,EMP01256,CREATE_ACCOUNT,success,Compte AD/LDAP cree avec succes
